[
  {
    "question": "When can I write the midterm",
    "intent": 0
  },
      {
    "question": "wat is the duration of midterm 2",
    "intent": 0
  },
  {
    "question": "when will assignment 1 be released",
    "intent": 1
  },
    {
    "question": "when will the first assignment be released",
    "intent": 1
  },
  {
    "question": "when can we begin working on project 1",
    "intent": 2
  },
    {
    "question": "when will project 1 be released",
    "intent": 2
  },
      {
    "question": "when is the release date of project 1",
    "intent": 2
  },
  {
    "question": "when can we start on assignment 2",
    "intent": 3
  },
  {
    "question": "what week is the midterm",
    "intent": 4
  },
  {
    "question": "what day does assignment 3 start",
    "intent": 6
  },
  {
    "question": "when can we begin working on project 3",
    "intent": 7
  },
  {
    "question": "when will the final open",
    "intent": 8
  },
  {
    "question": "when is assignment 1 due",
    "intent": 9
  },
    {
    "question": "when will assignment 1 be due",
    "intent": 9
  },
  {
    "question": "when will project 1 need to be submitted",
    "intent": 10
  },
  {
    "question": "when will i need to submit assignment 2",
    "intent": 11
  },
  {
    "question": "when is the midterm due",
    "intent": 12
  },
  {
    "question": "when should we have project 2 completed by",
    "intent": 13
  },
  {
    "question": "when do I need to turn in assignment 3",
    "intent": 14
  },
  {
    "question": "when will submissions close for project 3",
    "intent": 15
  },
  {
    "question": "when do I need to turn in the final",
    "intent": 16
  },
  {
    "question": "how much time is there for submitting assignment 1",
    "intent": 17
  },
  {
    "question": "how long do we have to complete project 1",
    "intent": 18
  },
  {
    "question": "how long do we have to finish assignment 2",
    "intent": 19
  },
  {
    "question": "how long do we have to complete the midterm",
    "intent": 20
  },
  {
    "question": "how long do we have to do project 2",
    "intent": 21
  },
  {
    "question": "how many weeks to write assignment 3",
    "intent": 22
  },
  {
    "question": "How many weeks to code project 3",
    "intent": 23
  },
  {
    "question": "How many days to complete the final",
    "intent": 24
  },
  {
    "question": "what percentage of my grade is assignment 1 worth",
    "intent": 25
  },
  {
    "question": "how much is project 1 worth",
    "intent": 26
  },
  {
    "question": "what is the weight of assignment 2",
    "intent": 27
  },
  {
    "question": "how much will the midterm be worth",
    "intent": 28
  },
  {
    "question": "what percentage of the total grade is project 2",
    "intent": 29
  },
  {
    "question": "how much does assignment 3 contribute to my grade",
    "intent": 30
  },
  {
    "question": "how much is project 3 contributing to my grade",
    "intent": 31
  },
  {
    "question": "how much is the final worth",
    "intent": 32
  },
  {
    "question": "what is the process for submitting assignment 1",
    "intent": 33
  },
  {
    "question": "what is the process of getting project 1",
    "intent": 34
  },
  {
    "question": "where do i turn in assignment 2",
    "intent": 35
  },
  {
    "question": "where do i turn in my midterm",
    "intent": 36
  },
  {
    "question": "How do I turn in project 2",
    "intent": 37
  },
  {
    "question": "where do i submit assignment 3",
    "intent": 38
  },
  {
    "question": "where do i submit project 3",
    "intent": 39
  },
  {
    "question": "what is the procedure for submitting the final",
    "intent": 40
  },
  {
    "question": "where do i go to get class announcements",
    "intent": 41
  },
  {
    "question": "what are the primary learning goals for the class",
    "intent": 42
  },
  {
    "question": "what assignment can we start during week 2",
    "intent": 0
  },
  {
    "question": "what project can we start during week 1",
    "intent": 0
  },
  {
    "question": "what assignment can we work on during week 2",
    "intent": 0
  },
  {
    "question": "what project can we work on during week 9",
    "intent": 0
  },
  {
    "question": "what assignment can we turn in during week 1",
    "intent": 0
  },
  {
    "question": "what project can we turn in during week 1",
    "intent": 0
  },
  {
    "question": "what can we start during week 1",
    "intent": 0
  },
    {
    "question": "what can we turn in during week 1",
    "intent": 0
  },
    {
    "question": "what can we work on during week 1",
    "intent": 0
  },
  {
    "question": "What assignment can we start during week 2",
    "intent": 0
  },
  {
    "question": "What assignment can we turn in during week 11",
    "intent": 0
  },
  {
    "question": "What will be available in week 15",
    "intent": 0
  },
  {
    "question": "What project will be available in week 15",
    "intent": 0
  },
  {
    "question": "What project starts during week 3",
    "intent": 0
  },
  {
    "question": "How long for project 1 to be completed",
    "intent": 0
  },
  {
    "question": "what is the final day to turn in assignment 1",
    "intent": 0
  },
  {
    "question": "How much is the project beginning week 4 worth",
    "intent": 0
  },
  {
    "question": "What assignment is available in week 7",
    "intent": 0
  },
  {
    "question": "What assignment is during week 2",
    "intent": 0
  },
  {
    "question": "When will the assignment on week 2 be due",
    "intent": 0
  },
  {
    "question": "what week is the midterm",
    "intent": 0
  },
  {
    "question": "how to submit the code for assignment 1",
    "intent": 0
  },
  {
    "question": "how do i submit the code for assignment 1",
    "intent": 0
  },
  {
    "question": "how can i get the code for assignment 1",
    "intent": 0
  },
  {
    "question": "What can we work on week 4",
    "intent": 0
  },
  {
    "question": "What can we start week 1",
    "intent": 0
  },
  {
    "question": "what can be submitted in week 3",
    "intent": 0
  },
  {
    "question": "what can be distributed week 3",
    "intent": 0
  },
  {
    "question": "what must I start by week 3",
    "intent": 0
  },
  {
    "question": "when is the week 2 assignment due",
    "intent": 0
  }




]
