<?xml version="1.0"?>
<test-suite>
    <test-case>
        <name>sumtorial(0) = 0</name>
        <input><test-value><address>NUM</address><value>0</value></test-value></input>
        <output><test-value><address>TOTAL</address><value>0</value></test-value></output>
    </test-case>
    <test-case>
        <name>sumtorial(1) = 1</name>
        <input><test-value><address>NUM</address><value>1</value></test-value></input>
        <output><test-value><address>TOTAL</address><value>1</value></test-value></output>
    </test-case>
    <test-case>
        <name>sumtorial(2) = 3</name>
        <input><test-value><address>NUM</address><value>2</value></test-value></input>
        <output><test-value><address>TOTAL</address><value>3</value></test-value></output>
    </test-case>
    <test-case>
        <name>sumtorial(3) = 6</name>
        <input><test-value><address>NUM</address><value>3</value></test-value></input>
        <output><test-value><address>TOTAL</address><value>6</value></test-value></output>
    </test-case>
    <test-case>
        <name>sumtorial(4) = 10</name>
        <input><test-value><address>NUM</address><value>4</value></test-value></input>
        <output><test-value><address>TOTAL</address><value>10</value></test-value></output>
    </test-case>
    <test-case>
        <name>sumtorial(5) = 15</name>
        <input><test-value><address>NUM</address><value>5</value></test-value></input>
        <output><test-value><address>TOTAL</address><value>15</value></test-value></output>
    </test-case>
    <test-case>
        <name>sumtorial(6) = 21</name>
        <input><test-value><address>NUM</address><value>6</value></test-value></input>
        <output><test-value><address>TOTAL</address><value>21</value></test-value></output>
    </test-case>
    <test-case>
        <name>sumtorial(7) = 28</name>
        <input><test-value><address>NUM</address><value>7</value></test-value></input>
        <output><test-value><address>TOTAL</address><value>28</value></test-value></output>
    </test-case>
    <test-case>
        <name>sumtorial(8) = 36</name>
        <input><test-value><address>NUM</address><value>8</value></test-value></input>
        <output><test-value><address>TOTAL</address><value>36</value></test-value></output>
    </test-case>
    <test-case>
        <name>sumtorial(9) = 45</name>
        <input><test-value><address>NUM</address><value>9</value></test-value></input>
        <output><test-value><address>TOTAL</address><value>45</value></test-value></output>
    </test-case>
    <test-case>
        <name>sumtorial(10) = 55</name>
        <input><test-value><address>NUM</address><value>10</value></test-value></input>
        <output><test-value><address>TOTAL</address><value>55</value></test-value></output>
    </test-case>
</test-suite>
