<test-suite>
    <test-case>
        <name>minimum(minimum=1, length=15, [1,2,3,4,5,6,7,8,9,10,11,12,13,14,15])</name>
        <has-max-executions>1</has-max-executions>
        <max-executions>1000000</max-executions>
        <randomize>1</randomize>
        <input>
            <test-array>
                <address>ARRAY</address>
                <value>1,2,3,4,5,6,7,8,9,10,11,12,13,14,15</value>
            </test-array>
            <test-value>
                <address>LENGTH</address>
                <value>15</value>
            </test-value>
        </input>
        <output>
            <test-value points="5">
                <address>RESULT</address>
                <value>1</value>
            </test-value>
        </output>
    </test-case>
    <test-case>
        <name>minimum(minimum=999, length=1, [999])</name>
        <has-max-executions>1</has-max-executions>
        <max-executions>1000000</max-executions>
        <randomize>1</randomize>
        <input>
            <test-array>
                <address>ARRAY</address>
                <value>999</value>
            </test-array>
            <test-value>
                <address>LENGTH</address>
                <value>1</value>
            </test-value>
        </input>
        <output>
            <test-value points="5">
                <address>RESULT</address>
                <value>999</value>
            </test-value>
        </output>
    </test-case>
    <test-case>
        <name>minimum(minimum=23, length=10, [111,23,23,24,25,26,71,81,900,1000])</name>
        <has-max-executions>1</has-max-executions>
        <max-executions>1000000</max-executions>
        <randomize>1</randomize>
        <input>
            <test-array>
                <address>ARRAY</address>
                <value>111,23,23,24,25,26,71,81,900,1000</value>
            </test-array>
            <test-value>
                <address>LENGTH</address>
                <value>10</value>
            </test-value>
        </input>
        <output>
            <test-value points="5">
                <address>RESULT</address>
                <value>23</value>
            </test-value>
        </output>
    </test-case>
    <test-case>
        <name>minimum(minimum=-28, length=5, [-28, 64, 3, 2, -1])</name>
        <has-max-executions>1</has-max-executions>
        <max-executions>1000000</max-executions>
        <randomize>1</randomize>
        <input>
            <test-array>
                <address>ARRAY</address>
                <value>-28, 64, 3, 2, -1</value>
            </test-array>
            <test-value>
                <address>LENGTH</address>
                <value>5</value>
            </test-value>
        </input>
        <output>
            <test-value points="5">
                <address>RESULT</address>
                <value>-28</value>
            </test-value>
        </output>
    </test-case>
</test-suite>