[
    {
        "question":"when is the homework due",
        "object":"homework",
        "data_requested":"DUEDATE"
    },
	       {
        "question":"How much time is there to finish <object>",
        "object":"<object>",
        "data_requested":"DURATION"
    },
	       {
        "question":"what site should i submit apple on the due date",
        "object":"apple",
        "data_requested":"PROCESS"
    },
	   {
        "question":"when is the first project due",
        "object":"first project",
        "data_requested":"DUEDATE"
    },
	       {
        "question":"What place do I upload <object>",
        "object":"<object>",
        "data_requested":"PROCESS"
    },
	       {
        "question":"What is the time remaining for <object>",
        "object":"<object>",
        "data_requested":"DURATION"
    },
	       {
        "question":"What is the location of <object>",
        "object":"<object>",
        "data_requested":"PROCESS"
    },
	       {
        "question":"What is the duration till the <object> is due?",
        "object":"<object>",
        "data_requested":"DURATION"
    },
	       {
        "question":"What is the timeframe for working on <object>",
        "object":"<object>",
        "data_requested":"DURATION"
    },
	       {
        "question":"What is the weight of <object>",
        "object":"<object>",
        "data_requested":"WEIGHT"
    },
	       {
        "question":"What is the duration for <object>",
        "object":"<object>",
        "data_requested":"DURATION"
    },
	       {
        "question":"What week do we turn in the <object>",
        "object":"<object>",
        "data_requested":"DUEDATE"
    },
	       {
        "question":"What week do we turn in the <object>",
        "object":"<object>",
        "data_requested":"DUEDATE"
    },
	       {
        "question":"What time can I access <object>",
        "object":"<object>",
        "data_requested":"RELEASEDATE"
    },
	    {
        "question":"when is project 1 due",
        "object":"project 1",
        "data_requested":"DUEDATE"
    },
		{
        "question":"When should my homework be submitted",
        "object":"homework",
        "data_requested":"DUEDATE"
    },
	       {
        "question":"What is <object> worth",
        "object":"<object>",
        "data_requested":"WEIGHT"
    },
      {
        "question":"when is project one due",
        "object":"project one",
        "data_requested":"DUEDATE"
    },
	      {
        "question":"when can I submit project 1",
        "object":"project 1",
        "data_requested":"DUEDATE"
    },
	        {
        "question":"when is the deadline for the project",
        "object":"project",
        "data_requested":"DUEDATE"
    },
	      {
        "question":"when will project 1 be due",
        "object":"project 1",
        "data_requested":"DUEDATE"
    },
       {
        "question":"When can I get the homework",
        "object":"homework",
        "data_requested":"RELEASEDATE"
    },      {
        "question":"when will project 1 be issued",
        "object":"project 1",
        "data_requested":"RELEASEDATE"
    },
	      {
        "question":"when is the first project released",
        "object":"first project",
        "data_requested":"RELEASEDATE"
    },
	    {
        "question":"where do I turn in my project",
        "object":"project",
        "data_requested":"PROCESS"
    },
	      {
        "question":"where should i turn in cat",
        "object":"cat",
        "data_requested":"PROCESS"
    },
	    {
        "question":"where is the project specification",
        "object":"project specification",
        "data_requested":"PROCESS"
    },
	    {
        "question":"how long do we have to complete a project",
        "object":"project",
        "data_requested":"DURATION"
    },
	      {
        "question":"how can I get kitten",
        "object":"kitten",
        "data_requested":"PROCESS"
    },
	      {
        "question":"how long before the test is released",
        "object":"test",
        "data_requested":"RELEASEDATE"
    },
	      {
        "question":"how long till the project is released",
        "object":"project",
        "data_requested":"RELEASEDATE"
    },
	  {
        "question":"how do I acquire bird",
        "object":"bird",
        "data_requested":"PROCESS"
    },
		{
        "question":"how can i submit homework",
        "object":"homework",
        "data_requested":"PROCESS"
    },
          {
        "question":"how can i download puppy",
        "object":"puppy",
        "data_requested":"PROCESS"
    },
	       {
        "question":"What fraction of my average is <object>",
        "object":"<object>",
        "data_requested":"WEIGHT"
    },
      {
        "question":"how much is the project worth",
        "object":"project",
        "data_requested":"WEIGHT"
    },
	        {
        "question":"how late can we turn in doggy",
        "object":"doggy",
        "data_requested":"DURATION"
    },
	         {
        "question":"How many weeks till the <object> is available",
        "object":"<object>",
        "data_requested":"RELEASEDATE"
    },
	        {
        "question":"how long do we have left for crow",
        "object":"crow",
        "data_requested":"DURATION"
    },
	       {
        "question":"When can we begin working on the OWLS",
        "object":"owls",
        "data_requested":"RELEASEDATE"
    },
	       {
        "question":"When can I get <object>",
        "object":"<object>",
        "data_requested":"RELEASEDATE"
    },
	         {
        "question":"How many weeks can I work on <object>",
        "object":"<object>",
        "data_requested":"DURATION"
    },
	         {
        "question":"How long till <object> is released",
        "object":"<object>",
        "data_requested":"RELEASEDATE"
    },
           {
        "question":"how long till the <object> is due",
        "object":"<object>",
        "data_requested":"DURATION"
    },
           {
        "question":"how long till the <object> is released",
        "object":"<object>",
        "data_requested":"RELEASEDATE"
    },
           {
        "question":"How long until <object> is out",
        "object":"<object>",
        "data_requested":"RELEASEDATE"
    },
             {
        "question":"How long until we turn in <object>",
        "object":"<object>",
        "data_requested":"DURATION"
    },
	    {
        "question":"How long till koala is due",
        "object":"koala",
        "data_requested":"DURATION"
    },
		{
        "question":"How long do we have to finish spider",
        "object":"spider",
        "data_requested":"DURATION"
    },
		{
        "question":"How long is bear out",
        "object":"bear",
        "data_requested":"DURATION"
    },
		{
        "question":"how long do we have to complete the donut",
        "object":"donut",
        "data_requested":"DURATION"
    },
        {
        "question":"how long can we work on turtle",
        "object":"turtle",
        "data_requested":"DURATION"
    },
        {
        "question":"how heavily is the project weighted",
        "object":"project",
        "data_requested":"WEIGHT"
    },
	         {
        "question":"How much does <object> contribute to my grade",
        "object":"<object>",
        "data_requested":"WEIGHT"
    },
	         {
        "question":"How much time is left to finish <object>",
        "object":"<object>",
        "data_requested":"DURATION"
    },
		{
        "question":"what is the due date for project 1",
        "object":"project 1",
        "data_requested":"DUEDATE"
    },
	       {
        "question":"How much time left for <object>?",
        "object":"<object>",
        "data_requested":"DURATION"
    },
	       {
        "question":"What amount of time is <object> available",
        "object":"<object>",
        "data_requested":"DURATION"
    },
	       {
        "question":"How much time left to release <object>",
        "object":"<object>",
        "data_requested":"RELEASEDATE"
    },
	       {
        "question":"How much time left to submit <object>",
        "object":"<object>",
        "data_requested":"DURATION"
    },
	       {
        "question":"How much time left for <object> to be released",
        "object":"<object>",
        "data_requested":"RELEASEDATE"
    },
	       {
        "question":"Where can I submit <object>",
        "object":"<object>",
        "data_requested":"PROCESS"
    },
	       {
        "question":"Where can I find <object>",
        "object":"<object>",
        "data_requested":"PROCESS"
    },
	       {
        "question":"Where can I expect to find <object>",
        "object":"<object>",
        "data_requested":"PROCESS"
    },
	       {
        "question":"When should my <object> be submitted",
        "object":"<object>",
        "data_requested":"DUEDATE"
    },
	       {
        "question":"When can we start working on the falcon",
        "object":"falcon",
        "data_requested":"RELEASEDATE"
    },
      {
        "question":"what is my grade on the project",
        "object":"project",
        "data_requested":"WEIGHT"
    },
	       {
        "question":"What can we expect <object> to weigh",
        "object":"<object>",
        "data_requested":"WEIGHT"
    },
	       {
        "question":"Where should I turn in <object>",
        "object":"<object>",
        "data_requested":"PROCESS"
    },
	       {
        "question":"Where is <object> due",
        "object":"<object>",
        "data_requested":"PROCESS"
    },
	       {
        "question":"What files should I submit for <object>",
        "object":"<object>",
        "data_requested":"PROCESS"
    },
	       {
        "question":"Where can we find information about <object> weights",
        "object":"<object>",
        "data_requested":"PROCESS"
    },
        {
        "question":"what can we expect orange to weigh",
        "object":"orange",
        "data_requested":"WEIGHT"
    },
		{
        "question":"what is the download location of homework 2",
        "object":"homework 2",
        "data_requested":"PROCESS"
    },
      {
        "question":"what is the location of dog",
        "object":"dog",
        "data_requested":"PROCESS"
    },
	    {
        "question":"what place do i upload pear",
        "object":"pear",
        "data_requested":"PROCESS"
    },
		{
        "question":"what files should i submit for banana",
        "object":"banana",
        "data_requested":"PROCESS"
    },
    {
        "question": "what is the download location for the quiz",
        "object": "quiz",
        "data_requested": "PROCESS"
    }

]
